id,tag
6,computer-vision
7,computer-vision
9,graph-learning
15,reinforcement-learning
19,graph-learning
25,graph-learning
26,graph-learning
27,graph-learning
28,graph-learning
29,graph-learning
44,graph-learning
45,graph-learning
61,computer-vision
65,computer-vision
67,computer-vision
73,computer-vision
77,computer-vision
78,computer-vision
80,computer-vision
81,computer-vision
84,natural-language-processing
85,graph-learning
89,natural-language-processing
91,mlops
92,computer-vision
98,computer-vision
99,computer-vision
101,natural-language-processing
107,computer-vision
108,natural-language-processing
109,natural-language-processing
112,computer-vision
115,computer-vision
116,computer-vision
117,computer-vision
118,computer-vision
120,computer-vision
121,reinforcement-learning
122,natural-language-processing
123,natural-language-processing
124,natural-language-processing
126,computer-vision
128,computer-vision
130,computer-vision
131,computer-vision
133,natural-language-processing
136,natural-language-processing
137,mlops
138,computer-vision
140,natural-language-processing
141,computer-vision
142,computer-vision
144,natural-language-processing
145,computer-vision
147,natural-language-processing
148,graph-learning
150,computer-vision
152,graph-learning
157,computer-vision
158,computer-vision
159,mlops
162,natural-language-processing
163,natural-language-processing
168,computer-vision
173,natural-language-processing
181,natural-language-processing
183,computer-vision
218,reinforcement-learning
219,natural-language-processing
220,computer-vision
224,natural-language-processing
234,computer-vision
237,computer-vision
238,natural-language-processing
239,time-series
249,computer-vision
250,natural-language-processing
251,natural-language-processing
252,natural-language-processing
253,natural-language-processing
254,natural-language-processing
255,natural-language-processing
256,natural-language-processing
257,natural-language-processing
259,natural-language-processing
260,natural-language-processing
261,natural-language-processing
262,natural-language-processing
264,natural-language-processing
268,natural-language-processing
269,natural-language-processing
270,natural-language-processing
271,natural-language-processing
272,natural-language-processing
273,natural-language-processing
277,reinforcement-learning
278,computer-vision
279,reinforcement-learning
280,reinforcement-learning
281,natural-language-processing
284,reinforcement-learning
285,reinforcement-learning
286,computer-vision
287,natural-language-processing
290,computer-vision
291,computer-vision
294,graph-learning
295,graph-learning
305,natural-language-processing
306,natural-language-processing
307,natural-language-processing
308,natural-language-processing
313,natural-language-processing
314,reinforcement-learning
315,computer-vision
316,natural-language-processing
317,computer-vision
318,computer-vision
319,computer-vision
327,natural-language-processing
328,graph-learning
334,natural-language-processing
335,natural-language-processing
341,mlops
343,mlops
344,natural-language-processing
345,natural-language-processing
347,natural-language-processing
349,natural-language-processing
353,computer-vision
364,natural-language-processing
372,reinforcement-learning
378,reinforcement-learning
380,graph-learning
384,natural-language-processing
388,computer-vision
392,natural-language-processing
395,natural-language-processing
397,computer-vision
401,computer-vision
403,natural-language-processing
407,natural-language-processing
408,computer-vision
410,mlops
411,mlops
414,mlops
415,natural-language-processing
419,natural-language-processing
423,computer-vision
424,natural-language-processing
425,time-series
426,natural-language-processing
427,computer-vision
428,natural-language-processing
430,natural-language-processing
431,natural-language-processing
432,computer-vision
434,natural-language-processing
437,natural-language-processing
438,natural-language-processing
439,natural-language-processing
440,natural-language-processing
443,natural-language-processing
445,natural-language-processing
446,natural-language-processing
448,natural-language-processing
451,natural-language-processing
452,natural-language-processing
453,computer-vision
454,natural-language-processing
455,natural-language-processing
458,computer-vision
459,computer-vision
462,computer-vision
465,computer-vision
466,natural-language-processing
467,natural-language-processing
468,natural-language-processing
469,natural-language-processing
470,natural-language-processing
471,natural-language-processing
473,natural-language-processing
474,computer-vision
476,computer-vision
477,computer-vision
478,computer-vision
480,computer-vision
481,computer-vision
482,computer-vision
486,computer-vision
487,computer-vision
488,computer-vision
489,computer-vision
490,computer-vision
491,computer-vision
492,computer-vision
493,computer-vision
494,computer-vision
495,computer-vision
496,computer-vision
497,computer-vision
499,computer-vision
501,natural-language-processing
505,computer-vision
507,time-series
508,computer-vision
509,time-series
513,natural-language-processing
516,computer-vision
517,computer-vision
529,natural-language-processing
549,mlops
550,computer-vision
552,computer-vision
558,natural-language-processing
559,mlops
561,mlops
564,computer-vision
566,mlops
569,natural-language-processing
570,computer-vision
574,natural-language-processing
579,computer-vision
580,mlops
581,natural-language-processing
582,reinforcement-learning
594,mlops
598,natural-language-processing
599,computer-vision
600,natural-language-processing
601,natural-language-processing
602,natural-language-processing
605,reinforcement-learning
608,computer-vision
612,computer-vision
619,computer-vision
620,natural-language-processing
621,computer-vision
622,natural-language-processing
623,natural-language-processing
624,natural-language-processing
629,time-series
632,graph-learning
639,reinforcement-learning
643,natural-language-processing
644,computer-vision
649,graph-learning
652,natural-language-processing
653,natural-language-processing
658,natural-language-processing
661,natural-language-processing
663,natural-language-processing
665,computer-vision
666,computer-vision
667,computer-vision
670,natural-language-processing
671,natural-language-processing
674,computer-vision
679,graph-learning
681,reinforcement-learning
683,natural-language-processing
684,natural-language-processing
686,natural-language-processing
687,time-series
688,computer-vision
689,time-series
693,natural-language-processing
694,natural-language-processing
695,natural-language-processing
700,computer-vision
702,natural-language-processing
703,graph-learning
704,computer-vision
705,graph-learning
706,graph-learning
707,natural-language-processing
708,natural-language-processing
710,computer-vision
712,time-series
713,time-series
717,natural-language-processing
723,computer-vision
726,computer-vision
732,graph-learning
733,computer-vision
734,natural-language-processing
737,computer-vision
738,computer-vision
741,natural-language-processing
778,natural-language-processing
780,natural-language-processing
783,natural-language-processing
784,natural-language-processing
785,computer-vision
787,natural-language-processing
788,natural-language-processing
791,computer-vision
792,natural-language-processing
795,computer-vision
796,computer-vision
797,computer-vision
799,graph-learning
800,mlops
803,computer-vision
807,mlops
820,graph-learning
821,mlops
822,computer-vision
825,natural-language-processing
826,computer-vision
828,natural-language-processing
829,reinforcement-learning
831,computer-vision
832,computer-vision
833,reinforcement-learning
834,computer-vision
835,natural-language-processing
836,computer-vision
840,graph-learning
841,natural-language-processing
842,computer-vision
843,natural-language-processing
847,natural-language-processing
849,natural-language-processing
850,natural-language-processing
852,computer-vision
854,graph-learning
855,natural-language-processing
857,natural-language-processing
858,natural-language-processing
860,natural-language-processing
862,reinforcement-learning
863,computer-vision
864,natural-language-processing
866,natural-language-processing
868,natural-language-processing
869,natural-language-processing
875,natural-language-processing
877,computer-vision
878,computer-vision
879,computer-vision
880,natural-language-processing
881,time-series
882,natural-language-processing
883,reinforcement-learning
884,natural-language-processing
890,natural-language-processing
892,computer-vision
893,reinforcement-learning
894,natural-language-processing
898,computer-vision
900,natural-language-processing
901,computer-vision
902,natural-language-processing
903,computer-vision
905,reinforcement-learning
906,natural-language-processing
907,natural-language-processing
913,natural-language-processing
914,natural-language-processing
916,natural-language-processing
917,natural-language-processing
918,natural-language-processing
919,natural-language-processing
920,natural-language-processing
921,computer-vision
922,natural-language-processing
925,reinforcement-learning
927,natural-language-processing
934,time-series
935,computer-vision
938,computer-vision
939,time-series
940,computer-vision
941,computer-vision
943,natural-language-processing
946,computer-vision
947,computer-vision
948,computer-vision
951,computer-vision
952,computer-vision
957,natural-language-processing
961,computer-vision
962,natural-language-processing
963,mlops
965,computer-vision
966,natural-language-processing
968,natural-language-processing
970,natural-language-processing
972,natural-language-processing
974,computer-vision
978,computer-vision
979,time-series
980,computer-vision
986,computer-vision
987,natural-language-processing
989,natural-language-processing
991,natural-language-processing
993,computer-vision
997,computer-vision
999,computer-vision
1000,natural-language-processing
1007,natural-language-processing
1008,computer-vision
1009,natural-language-processing
1010,natural-language-processing
1011,mlops
1013,reinforcement-learning
1018,computer-vision
1019,computer-vision
1020,computer-vision
1021,natural-language-processing
1022,natural-language-processing
1024,natural-language-processing
1025,natural-language-processing
1026,natural-language-processing
1028,natural-language-processing
1032,computer-vision
1035,natural-language-processing
1045,natural-language-processing
1046,natural-language-processing
1055,computer-vision
1056,computer-vision
1058,natural-language-processing
1059,computer-vision
1068,natural-language-processing
1069,natural-language-processing
1070,natural-language-processing
1075,natural-language-processing
1078,computer-vision
1080,computer-vision
1081,computer-vision
1083,computer-vision
1084,mlops
1093,computer-vision
1094,natural-language-processing
1100,natural-language-processing
1104,computer-vision
1107,computer-vision
1110,computer-vision
1111,natural-language-processing
1112,natural-language-processing
1114,reinforcement-learning
1115,reinforcement-learning
1121,computer-vision
1122,mlops
1130,natural-language-processing
1131,natural-language-processing
1132,natural-language-processing
1133,time-series
1135,computer-vision
1139,natural-language-processing
1145,reinforcement-learning
1148,natural-language-processing
1151,natural-language-processing
1155,computer-vision
1159,computer-vision
1162,reinforcement-learning
1165,computer-vision
1166,reinforcement-learning
1167,natural-language-processing
1172,computer-vision
1176,natural-language-processing
1178,computer-vision
1180,natural-language-processing
1181,natural-language-processing
1185,natural-language-processing
1192,natural-language-processing
1194,natural-language-processing
1199,natural-language-processing
1202,natural-language-processing
1203,natural-language-processing
1204,computer-vision
1211,natural-language-processing
1215,computer-vision
1222,natural-language-processing
1223,computer-vision
1236,natural-language-processing
1237,computer-vision
1239,natural-language-processing
1241,natural-language-processing
1243,time-series
1246,natural-language-processing
1249,natural-language-processing
1251,computer-vision
1255,natural-language-processing
1257,natural-language-processing
1258,computer-vision
1259,computer-vision
1260,computer-vision
1266,natural-language-processing
1272,natural-language-processing
1274,mlops
1275,reinforcement-learning
1278,natural-language-processing
1286,natural-language-processing
1287,natural-language-processing
1298,natural-language-processing
1301,computer-vision
1309,natural-language-processing
1310,natural-language-processing
1312,natural-language-processing
1320,natural-language-processing
1325,natural-language-processing
1329,reinforcement-learning
1363,reinforcement-learning
1371,natural-language-processing
1372,natural-language-processing
1374,computer-vision
1392,natural-language-processing
1398,computer-vision
1399,computer-vision
1418,reinforcement-learning
1423,time-series
1424,mlops
1425,computer-vision
1426,natural-language-processing
1427,natural-language-processing
1430,computer-vision
1434,natural-language-processing
1438,computer-vision
1445,computer-vision
1450,natural-language-processing
1451,computer-vision
1453,computer-vision
1455,computer-vision
1457,computer-vision
1458,computer-vision
1459,graph-learning
1460,computer-vision
1461,computer-vision
1462,computer-vision
1473,time-series
1475,computer-vision
1476,reinforcement-learning
1478,computer-vision
1480,natural-language-processing
1482,computer-vision
1483,reinforcement-learning
1485,computer-vision
1488,computer-vision
1491,computer-vision
1492,natural-language-processing
1494,computer-vision
1499,natural-language-processing
1501,computer-vision
1502,natural-language-processing
1504,computer-vision
1505,computer-vision
1506,mlops
1508,natural-language-processing
1511,computer-vision
1515,computer-vision
1519,computer-vision
1524,natural-language-processing
1525,natural-language-processing
1528,computer-vision
1529,reinforcement-learning
1539,natural-language-processing
1540,natural-language-processing
1542,natural-language-processing
1546,graph-learning
1547,natural-language-processing
1549,reinforcement-learning
1551,computer-vision
1552,computer-vision
1560,mlops
1563,computer-vision
1569,computer-vision
1571,computer-vision
1575,computer-vision
1576,computer-vision
1580,mlops
1581,graph-learning
1585,computer-vision
1587,natural-language-processing
1588,natural-language-processing
1589,natural-language-processing
1592,natural-language-processing
1595,natural-language-processing
1597,mlops
1598,reinforcement-learning
1599,computer-vision
1600,natural-language-processing
1602,computer-vision
1603,computer-vision
1605,reinforcement-learning
1606,natural-language-processing
1607,graph-learning
1608,natural-language-processing
1614,natural-language-processing
1615,natural-language-processing
1616,computer-vision
1617,graph-learning
1620,reinforcement-learning
1622,reinforcement-learning
1623,natural-language-processing
1628,reinforcement-learning
1629,computer-vision
1630,computer-vision
1636,natural-language-processing
1638,natural-language-processing
1639,computer-vision
1644,natural-language-processing
1645,natural-language-processing
1646,natural-language-processing
1648,time-series
1649,computer-vision
1650,natural-language-processing
1651,computer-vision
1653,natural-language-processing
1654,computer-vision
1657,mlops
1658,computer-vision
1659,natural-language-processing
1661,computer-vision
1662,computer-vision
1663,time-series
1664,natural-language-processing
1665,natural-language-processing
1666,natural-language-processing
1668,reinforcement-learning
1677,natural-language-processing
1678,computer-vision
1681,computer-vision
1685,natural-language-processing
1688,reinforcement-learning
1689,reinforcement-learning
1691,mlops
1692,graph-learning
1698,computer-vision
1699,reinforcement-learning
1702,computer-vision
1703,reinforcement-learning
1704,time-series
1706,computer-vision
1709,natural-language-processing
1710,natural-language-processing
1715,computer-vision
1717,natural-language-processing
1719,natural-language-processing
1721,natural-language-processing
1722,natural-language-processing
1723,natural-language-processing
1724,computer-vision
1726,natural-language-processing
1728,computer-vision
1729,natural-language-processing
1730,natural-language-processing
1737,natural-language-processing
1743,natural-language-processing
1748,mlops
1750,computer-vision
1753,graph-learning
1754,mlops
1755,computer-vision
1756,natural-language-processing
1759,computer-vision
1767,computer-vision
1768,natural-language-processing
1769,natural-language-processing
1770,computer-vision
1771,computer-vision
1772,computer-vision
1777,time-series
1779,natural-language-processing
1792,time-series
1795,natural-language-processing
1796,natural-language-processing
1797,natural-language-processing
1799,natural-language-processing
1800,natural-language-processing
1802,natural-language-processing
1803,natural-language-processing
1804,natural-language-processing
1805,computer-vision
1813,mlops
1817,mlops
1818,mlops
1819,mlops
1820,natural-language-processing
1825,mlops
1827,natural-language-processing
1831,computer-vision
1834,computer-vision
1836,computer-vision
1840,computer-vision
1843,mlops
1844,computer-vision
1845,computer-vision
1847,computer-vision
1848,computer-vision
1851,mlops
1853,natural-language-processing
1855,natural-language-processing
1856,computer-vision
1858,natural-language-processing
1859,mlops
1860,computer-vision
1865,computer-vision
1866,natural-language-processing
1867,computer-vision
1868,computer-vision
1869,natural-language-processing
1870,natural-language-processing
1871,natural-language-processing
1872,computer-vision
1879,natural-language-processing
1880,natural-language-processing
1882,computer-vision
1884,mlops
1886,computer-vision
1887,computer-vision
1888,mlops
1889,natural-language-processing
1896,mlops
1898,natural-language-processing
1899,computer-vision
1900,computer-vision
1901,natural-language-processing
1902,computer-vision
1903,computer-vision
1904,computer-vision
1905,computer-vision
1910,mlops
1913,computer-vision
1914,computer-vision
1916,natural-language-processing
1918,natural-language-processing
1919,natural-language-processing
1921,computer-vision
1923,graph-learning
1924,mlops
1925,computer-vision
1927,computer-vision
1929,natural-language-processing
1933,natural-language-processing
1934,graph-learning
1935,computer-vision
1938,natural-language-processing
1940,computer-vision
1941,natural-language-processing
1943,graph-learning
1945,mlops
1950,natural-language-processing
1952,mlops
1953,mlops
1954,mlops
1955,computer-vision
1959,natural-language-processing
1961,mlops
1964,mlops
1965,mlops
1968,natural-language-processing
1971,computer-vision
1972,natural-language-processing
1975,computer-vision
1976,computer-vision
1977,computer-vision
1978,mlops
1980,computer-vision
1983,computer-vision
1984,natural-language-processing
1985,graph-learning
1986,natural-language-processing
1992,time-series
1993,computer-vision
1994,computer-vision
1997,computer-vision
1999,natural-language-processing
2002,computer-vision
2005,computer-vision
2006,natural-language-processing
2007,computer-vision
2008,computer-vision
2009,computer-vision
2010,computer-vision
2011,computer-vision
2012,computer-vision
2013,computer-vision
2016,computer-vision
2020,natural-language-processing
2022,natural-language-processing
2023,natural-language-processing
2024,natural-language-processing
2025,natural-language-processing
2026,mlops
2027,computer-vision
2030,computer-vision
2031,natural-language-processing
2032,computer-vision
2033,natural-language-processing
2034,natural-language-processing
2035,mlops
2038,mlops
2039,computer-vision
2040,computer-vision
2042,natural-language-processing
2043,natural-language-processing
2045,natural-language-processing
2047,mlops
2048,natural-language-processing
2051,natural-language-processing
2053,computer-vision
2054,computer-vision
2056,natural-language-processing
2057,mlops
2061,computer-vision
2062,computer-vision
2098,computer-vision
2100,computer-vision
2106,computer-vision
2109,natural-language-processing
2111,computer-vision
2112,computer-vision
2113,natural-language-processing
2114,time-series
2116,mlops
2117,mlops
2121,mlops
2124,reinforcement-learning
2131,mlops
2135,time-series
2136,mlops
2137,mlops
2138,natural-language-processing
2141,computer-vision
2147,natural-language-processing
2148,natural-language-processing
2151,computer-vision
2155,natural-language-processing
2159,computer-vision
2163,natural-language-processing
2164,computer-vision
2166,computer-vision
2167,natural-language-processing
2168,natural-language-processing
2172,natural-language-processing
2173,natural-language-processing
2185,natural-language-processing
2186,computer-vision
2188,mlops
2193,mlops
2195,computer-vision
2199,mlops
2200,natural-language-processing
2202,graph-learning
2203,computer-vision
2204,computer-vision
2207,mlops
2214,computer-vision
2215,computer-vision
2218,computer-vision
2220,natural-language-processing
2223,computer-vision
2226,natural-language-processing
2232,reinforcement-learning
2235,natural-language-processing
2238,reinforcement-learning
2239,computer-vision
2242,computer-vision
2245,graph-learning
2246,natural-language-processing
2247,natural-language-processing
2250,natural-language-processing
2251,natural-language-processing
2252,reinforcement-learning
2255,natural-language-processing
2258,graph-learning
2259,computer-vision
2260,computer-vision
2262,natural-language-processing
2263,natural-language-processing
2264,reinforcement-learning
2266,computer-vision
2267,mlops
2268,natural-language-processing
2269,natural-language-processing
2271,computer-vision
2273,natural-language-processing
2275,natural-language-processing
2280,reinforcement-learning
2283,natural-language-processing
2284,natural-language-processing
2285,computer-vision
2287,mlops
2289,natural-language-processing
2290,natural-language-processing
2294,mlops
2295,computer-vision
2296,mlops
2298,time-series
2299,graph-learning
2300,natural-language-processing
2304,graph-learning
2310,computer-vision
2312,natural-language-processing
2317,computer-vision
2318,time-series
2319,computer-vision
2325,computer-vision
2326,natural-language-processing
2327,computer-vision
2328,computer-vision
2332,natural-language-processing
2336,computer-vision
2339,time-series
2341,time-series
2342,computer-vision
2344,computer-vision
2345,computer-vision
2348,computer-vision
2350,computer-vision
2351,natural-language-processing
2353,graph-learning
2356,computer-vision
2357,computer-vision
2360,computer-vision
2366,natural-language-processing
2367,natural-language-processing
2368,natural-language-processing
2369,computer-vision
2371,mlops
2372,reinforcement-learning
2373,graph-learning
2384,time-series
2387,mlops
2388,computer-vision
2389,computer-vision
2390,computer-vision
2394,mlops
2395,mlops
2396,computer-vision
2397,computer-vision
2402,natural-language-processing
2403,natural-language-processing
2404,mlops
2410,mlops
2411,reinforcement-learning
2412,computer-vision
2413,mlops
2415,mlops
2417,time-series
2418,reinforcement-learning
2419,computer-vision
2422,natural-language-processing
2423,computer-vision
2428,natural-language-processing
2429,natural-language-processing
2430,natural-language-processing
2431,natural-language-processing
2432,natural-language-processing
2434,computer-vision
2436,reinforcement-learning
2437,computer-vision
